mean	std
-0.40449819604690435	0.2785480427008984
