mean	std
-0.04170002046651348	0.2584294372884901
