best_profit	one_std_profit
134884.0713110335	77761.99142525345
