best_profit	one_std_profit
134884.0713110335	73315.06541861908
